"","years","annual.mean"
"1",2000,8.22464527081626
"2",2001,10.0772089235946
"3",2002,13.0403148951347
"4",2003,15.421077034762
"5",2004,17.8133435024811
"6",2005,19.9018924821682
"7",2006,22.3409293115774
"8",2007,24.9788346274229
"9",2008,27.6509642522096
"10",2009,30.3037484844723
"11",2010,33.3940353584204
"12",2011,36.3178558621569
"13",2012,39.0384192192741
"14",2013,41.5766080040679
"15",2014,44.4402022292064
"16",2015,47.5525687831398
"17",2016,50.5703988130389
